id: 50, titulo: Short Film About Love, genero: Drama, duracion: 0

id: 50, titulo: Short Film About Love, genero: Drama, duracion: 0

id: 50, titulo: Short Film About Love, genero: Drama, duracion: 0

id: 50, titulo: Short Film About Love, genero: Drama, duracion: 0

id: 50, titulo: Short Film About Love, genero: Drama, duracion: 0

id: 50, titulo: Short Film About Love, genero: Drama, duracion: 0

id: 50, titulo: Short Film About Love, genero: Drama, duracion: 0

id: 50, titulo: Short Film About Love, genero: Drama, duracion: 0

id: 50, titulo: Short Film About Love, genero: Drama, duracion: 0

id: 50, titulo: Short Film About Love, genero: Drama, duracion: 0

id: 50, titulo: Short Film About Love, genero: Drama, duracion: 0

id: 50, titulo: Short Film About Love, genero: Drama, duracion: 0

id: 50, titulo: Short Film About Love, genero: Drama, duracion: 0

id: 50, titulo: Short Film About Love, genero: Drama, duracion: 0

id: 50, titulo: Short Film About Love, genero: Drama, duracion: 0

id: 50, titulo: Short Film About Love, genero: Drama, duracion: 0

